scheduled_arrival_station_code,ground_constraint,pax_load_ratio,ssr_count,total_children,bag_load,transfer_ratio,basic_economy_count
AUA,1.0,0.6908293318685217,0.061084939173704826,0.3665063301682492,0.0,0.0,0.0
BRU,0.3333333333333333,0.7035420766492424,0.8033533980705349,0.6318775758243891,0.0,0.0,0.0
CUN,0.36666666666666664,0.8562429474034483,0.17846103742525965,0.5823686282340594,0.0,0.0,0.0
GRU,0.0,0.6329414062286542,0.943221002258286,0.49441223293249487,0.0,0.0,0.0
NAS,1.0,0.8501117003806892,0.09366357339968076,0.6507850241545894,0.0,0.0,0.0
